Category,Text,
open a file,"Hey, how do I open that document I uploaded earlier?",
open a file,Can you tell me how to access the file I uploaded earlier?,
open a file,I'm having trouble figuring out how to open this file.,
open a file,Do I just click on it to open the file?,
open a file,"I'm lost, how do I get to the file?",
open a file,Where's the button to open this file?,
open a file,"I'm trying to open the document, but it's not working.",
open a file,"Sorry, I'm new to this. How do I open the file?",
open a file,Is there a shortcut to open the file quickly?,
open a file,I need to open the file for my project.,
open a file,Please open test.pdf.,
open a file,Can you help me open this file?,
open a file,I'm trying to access a document.,
open a file,How do I open this file on my computer?,
open a file,I can't seem to find the file I need to open.,
open a file,Could you guide me through opening this file?,
open a file,I'm having trouble opening the file you sent me.,
open a file,Do you know how to open a file with this extension?,
open a file,My computer won't let me open this file.,
open a file,What's the best way to open this file?,
open a file,"I need to open a file, but I'm not sure how.",
open a file,Can you show me how to open this file?,
open a file,"Every time I try to open the file, it crashes.",
open a file,I'm getting an error message when I try to open the file.,
open a file,Is there a shortcut to open this file?,
open a file,"I double-clicked on the file, but nothing happened.",
open a file,How do I access the file I just downloaded?,
open a file,I'm having issues accessing this file.,
open a file,"When I click on the file, nothing happens.",
open a file,Do I need a specific program to open this file?,
open a file,I'm having trouble opening this file on my phone.,
open a file,Can you check if the file is corrupted?,
open a file,Could you walk me through opening this file step by step?,
open a file,I'm unable to view the contents of this file.,
open a file,What do I do if the file won't open?,
open a file,Is there an alternative way to open this file?,
open a file,How do I grant permission to open the file?,
open a file,"I'm lost, how do I even begin to open this file?",
open a file,Is there a certain software I need to open this file with?,
open a file,"The file seems to be locked, how can I open it?",
open a file,The file isn't showing up when I search for it.,
open a file,Opening this file is taking forever.,
open a file,I don't understand why I can't open this file.,
open a file,Could you send me instructions on how to open this file?,
open a file,This file won't open no matter what I do.,
open a file,"I'm clicking on the file, but nothing's happening.",
open a file,Do I need to update my software to open this file?,
ocr a file,Can you help me extract text from this image?,
ocr a file,I need to convert this scanned document into text.,
ocr a file,Is there a way to extract text from this PDF?,
ocr a file,How do I use OCR to recognize text in this picture?,
ocr a file,I want to digitize this document. Can you OCR it for me?,
ocr a file,Can you convert this image to editable text?,
ocr a file,Is there a tool to scan this handwritten note and turn it into text?,
ocr a file,I'm trying to extract text from this scanned page.,
ocr a file,Could you recommend an OCR software for this task?,
ocr a file,I'm struggling to convert this scanned document into text.,
ocr a file,How can I extract text from this screenshot?,
ocr a file,Is there a tool that can help me recognize text in this image?,
ocr a file,Can you recommend a good OCR software for converting images to text?,
ocr a file,I'm trying to convert this handwritten note into digital text. Any suggestions?,
ocr a file,Is it possible to OCR this document without losing formatting?,
ocr a file,I need to extract text from this scanned contract. How do I do that?,
ocr a file,Could you show me how to use OCR to extract text from this PDF?,
ocr a file,I'm looking for a way to digitize this old book. Can OCR help?,
ocr a file,Is there an easy way to convert this scanned receipt into editable text?,
ocr a file,How accurate is OCR at recognizing text from images?,
ocr a file,"Can OCR handle different languages, or is it English-only?",
ocr a file,I'm having trouble OCR-ing this file. What could be the issue?,
ocr a file,I want to extract text from this screenshot for translation. Is OCR the right tool?,
ocr a file,Can OCR recognize text from low-quality images?,
ocr a file,Is there a free OCR tool I can use for personal projects?,
ocr a file,I'm trying to convert this magazine article into a digital format. Can OCR help with that?,
ocr a file,How do I OCR a handwritten letter to make it searchable?,
ocr a file,Are there any online services for OCR-ing documents?,
ocr a file,I need to extract text from this diagram. Can OCR handle that?,
ocr a file,What's the best way to OCR a large batch of documents efficiently?,
open any RSS feed,How do I read the full article from this RSS summary?,
open any RSS feed,Can I view the complete content of this RSS feed item?,
open any RSS feed,Is there a way to open the original article from this RSS link?,
open any RSS feed,I want to read the entire post. How do I access it from the RSS feed?,
open any RSS feed,Can you help me find the webpage for this RSS entry?,
open any RSS feed,How can I open the full article from this RSS snippet?,
open any RSS feed,I'm interested in reading the full story from this RSS summary.,
open any RSS feed,Is there a direct link to the article in this RSS item?,
open any RSS feed,Can you show me how to access the complete post from this RSS link?,
open any RSS feed,Where can I find the original article from this RSS excerpt?,
open any RSS feed,How do I get to the website from this RSS preview?,
open any RSS feed,I need to read the entire article. How do I get to it from the RSS feed?,
open any RSS feed,Is there a way to open the webpage for this RSS entry in my browser?,
open any RSS feed,Can I view the full content of this RSS post?,
open any RSS feed,How do I access the source webpage from this RSS summary?,
open any RSS feed,I want to read more about this topic. How do I open the article?,
open any RSS feed,Can you guide me to the full text of this RSS item?,
open any RSS feed,How can I navigate to the original article from this RSS summary?,
open any RSS feed,Is there a way to open the linked article from this RSS entry?,
open any RSS feed,I'm trying to access the webpage linked in this RSS feed item.,
open any RSS feed,Show me a random article.,
open any RSS feed,Any news?,
search a book,How can I find a specific book online?,
search a book,Is there a way to search for books by title and author?,
search a book,Can you help me locate a book on this topic?,
search a book,I'm trying to find a book. Can you assist me in searching for it?,
search a book,Where can I search for books available in digital format?,
search a book,How do I search for a book by its ISBN number?,
search a book,Is there a website where I can search for books by genre?,
search a book,Can you recommend a good online bookstore for book searches?,
search a book,I want to search for books by a specific author. How do I do that?,
search a book,How can I search for a book by its title and description?,
search a book,You can find a specific book online by using search engines or online bookstores.,
search a book,There are websites where you can search for books by title and author.,
search a book,Online bookstores allow you to locate books on various topics.,
search a book,You can search for books independently using online resources.,
search a book,Digital books are available for search through online platforms.,
search a book,ISBN numbers can be used to search for books efficiently.,
search a book,Websites dedicated to books often categorize by genre for easy searching.,
search a book,Online bookstores are ideal for searching for books based on specific authors.,
search a book,Searching for books by title and description is possible on many platforms.,
search a book,Keyword searches help you find books tailored to your interests.,
search a book,Different languages have dedicated sections for book searches.,
search a book,Rare or out-of-print books can be found through specialized search platforms.,
search a book,Academic books on specific subjects are searchable through academic databases.,
search a book,Audiobooks are searchable on various platforms for convenience.,
search a book,Tools exist to assist in searching for books by topic.,
search a book,Websites offer books with free worldwide shipping and easy search functions.,
search a book,E-readers have options to search for compatible ebooks.,
search a book,Popular books are often featured prominently on book search websites.,
search a book,Reliable websites provide comprehensive search capabilities for books.,
tts a file,How can I convert a text file to speech?,
tts a file,Is there a way to turn a document into audio format?,
tts a file,Can you help me with text-to-speech conversion for a file?,
tts a file,I need to convert a file to speech. How do I do that?,
tts a file,Is there a tool to convert written text into spoken words?,
tts a file,Can you recommend a software for TTS conversion of files?,
tts a file,How do I use text-to-speech software for a document?,
tts a file,Is it possible to convert a PDF to audio using TTS?,
tts a file,I want to listen to a document instead of reading it. How can I do that?,
tts a file,Can TTS technology be used to convert ebooks into audiobooks?,
tts a file,How do I make an audiobook from a text file?,
tts a file,What's the best way to convert a text document to speech?,
tts a file,Is there a way to generate audio from a written script?,
tts a file,How do I convert a Word document to speech?,
tts a file,Are there online services for converting files to speech?,
tts a file,Can you guide me through the process of TTS for a file?,
tts a file,How do I convert text in a file to spoken words?,
tts a file,Which software supports text-to-speech conversion for files?,
tts a file,Can you recommend a TTS tool for converting documents to audio?,
tts a file,How do I create an audio version of a text file?,
